maxatp,mu,id
161.36696949976846,1.696,glucose
77.74317835562289,0.634,glycerol
105.34958970854112,0.95,alanine
128.11845407303497,1.074,succinate
107.73245826772022,0.424,acetate
187.77267468609926,0.871,ribose
139.82288683470586,0.576,glutamate
115.94506211813656,0.595,salt
253.8020098119474,1.897,iptg
