{"CHEBI:46398":-0.23831350165596932,"CHEBI:58045":-0.2083452474906145,"CHEBI:57595":-0.06314886144827932,"CHEBI:57926":-0.2028084137765646,"CHEBI:30807":-0.03405,"CHEBI:37563":-0.21180643418401596,"glycogen":-0.20969454905187226,"CHEBI:61404":-0.0056155486854432045,"CHEBI:35235":-0.02671897126537645,"CHEBI:57844":-0.07899986751234418,"CHEBI:60039":-0.1390529589537719,"CHEBI:58095":-0.08819179068856381,"CHEBI:29985":-0.24308307758584313,"CHEBI:32551":-0.24091370268408863,"CHEBI:37568":-0.005668247787630224,"CHEBI:58315":-0.0593344575860107,"CHEBI:7896":-0.216825,"CHEBI:58048":-0.13483186663387042,"CHEBI:15377":-75.0,"CHEBI:43474":75.0,"CHEBI:57912":-0.014982086557162185,"CHEBI:15378":75.0,"CHEBI:61429":-0.004446030170296042,"CHEBI:61481":-0.004824425789390085,"CHEBI:37565":-0.2132744759015876,"CHEBI:456216":75.0,"CHEBI:57762":-0.3342508815303781,"CHEBI:58359":-0.1243561573449123,"CHEBI:25629":-0.042,"CHEBI:33384":-0.22169539654405118,"CHEBI:57305":-0.49031053088753973,"CHEBI:30616":-75.26757098033238,"CHEBI:57427":-0.279738143546077,"CHEBI:57972":-0.5575295774152644,"CHEBI:32682":-0.15952955328654966,"CHEBI:29991":-0.17964851659871706}